document-count,cited-by-count,citations-count,h-index,coauthor-count,surname,given-name,faculty,department,gender,affiliation-name
25,77,87,5,10,Tse,Savio S.H.,FICT,DCS,male,Universiti Tunku Abdul Rahman
43,240,275,8,50,Liew,Soung Yue,FICT,DCCT,male,Universiti Tunku Abdul Rahman
45,180,192,7,39,Lau,Phooi Yee,FICT,DCCT,female,Universiti Tunku Abdul Rahman
28,500,518,8,40,Ng,Hui Fuang,FICT,DCS,male,Universiti Tunku Abdul Rahman
27,573,655,13,33,Tan,Hung Khoon,FICT,DCS,male,Universiti Tunku Abdul Rahman
28,95,99,4,34,Ooi,Boonyaik,FICT,DCS,male,Universiti Tunku Abdul Rahman
9,59,68,2,12,Wong,Chee Siang,FICT,DCS,male,Universiti Tunku Abdul Rahman
18,19,23,3,30,Ponnusamy,Vasaki,FICT,DCCT,female,Universiti Tunku Abdul Rahman
6,55,59,3,5,Tou,Jingyi,FICT,DCS,male,Universiti Tunku Abdul Rahman
15,30,38,4,20,Isawasan,Pradeep,FICT,DCS,male,Universiti Tunku Abdul Rahman
7,22,23,3,9,Mok,Kai Ming,FICT,DCCT,male,Universiti Tunku Abdul Rahman
2,20,20,1,4,Yong,Tien Fui,FICT,DIS,male,Universiti Tunku Abdul Rahman
20,61,62,4,23,Amin,Aamir,FICT,DIS,male,Universiti Tunku Abdul Rahman
37,68,121,6,26,Akbar,Rehan,FICT,DIS,male,Universiti Tunku Abdul Rahman
11,36,36,3,23,Khor,Siak Wang,FICT,DIS,male,Universiti Tunku Abdul Rahman
4,1,,1,6,Goh,Hoong Cheng,FICT,DIS,male,Universiti Tunku Abdul Rahman
33,256,270,8,47,Goh,Hock Guan,FICT,DCCT,male,Universiti Tunku Abdul Rahman
11,30,30,3,10,Gan,Ming Lee,FICT,DCCT,male,Universiti Tunku Abdul Rahman
11,21,25,3,25,Annur,Robithoh,FICT,DCCT,female,Universiti Tunku Abdul Rahman
34,71,72,4,46,Rehman,Mobashar,FICT,DIS,male,Universiti Tunku Abdul Rahman
10,37,41,4,14,Sangodiah,Anbuselvan,FICT,DIS,male,Universiti Tunku Abdul Rahman
5,7,7,1,11,Teoh,Shen Khang,FICT,DCCT,male,Universiti Tunku Abdul Rahman
3,4,4,1,10,Lim,Jit Theam,FICT,DIS,male,Universiti Tunku Abdul Rahman
12,24,32,3,10,Choo,Peng Yin,FICT,DIS,male,Universiti Tunku Abdul Rahman
4,14,23,3,9,Phan,Koo Yuen,FICT,DCS,male,Universiti Tunku Abdul Rahman
4,6,6,2,16,Leong,Chun Farn,FICT,DCCT,male,Universiti Tunku Abdul Rahman
4,9,9,2,11,Jalil,Norazira,FICT,DIS,female,Universiti Tunku Abdul Rahman
5,1,,1,7,Chan,Lee Kwun,FICT,DIS,female,Universiti Tunku Abdul Rahman
17,28,28,3,26,Muniandy,Manoranjitham,FICT,DCS,female,Universiti Tunku Abdul Rahman
4,19,19,1,3,Chang,Jing Jing,FICT,DCCT,female,Universiti Tunku Abdul Rahman
9,24,24,2,27,Saw,Seow Hui,FICT,DCS,female,Universiti Tunku Abdul Rahman
5,20,22,3,1,Lee,Chen Kang,FICT,DIS,male,Universiti Tunku Abdul Rahman
4,5,5,1,5,Aun,Yichiet,FICT,DCCT,male,Universiti Tunku Abdul Rahman
5,4,4,1,8,Ismail,Sarerusaenye,LKCFES,DIECS,female,Universiti Tunku Abdul Rahman
5,4,6,1,9,Tan,Joi San,FICT,DCS,female,Universiti Tunku Abdul Rahman
3,14,21,3,7,Lim,Ean Heng,FICT,DIS,male,Universiti Tunku Abdul Rahman
11,107,119,6,13,Lim,Seng Poh,FICT,DCS,male,Universiti Tunku Abdul Rahman
2,2,2,1,3,Ooi,Joo On,FICT,DCCT,male,Universiti Tunku Abdul Rahman
4,7,10,2,7,Ku,Chin Soon,FICT,DCS,male,Universiti Tunku Abdul Rahman
9,20,21,3,9,Lim,Seng Chee,FICT,DIS,male,Universiti Tunku Abdul Rahman
7,18,19,2,13,Cheng,Wai Khuen,FICT,DCS,male,Universiti Tunku Abdul Rahman
5,28,29,3,12,Aik,Nai Cheik,FAM,DOA,male,Universiti Tunku Abdul Rahman
2,1,1,1,4,Jayabalan,Jayamalathi,FAM,DOA,female,Universiti Tunku Abdul Rahman
17,86,92,6,12,Lee,Siew Peng,FAM,DOA,female,Universiti Tunku Abdul Rahman
3,8,8,2,7,Chelliah,Mahendra Kumar,FAM,DOA,male,Universiti Tunku Abdul Rahman
2,2,2,1,6,Tee,Peck Ling,FAM,DOA,male,Universiti Tunku Abdul Rahman
4,70,70,3,6,Chin,Hon Choong,FAM,DBPM,male,Universiti Tunku Abdul Rahman
10,80,82,5,15,Lim,Yet Mee,FAM,DBPM,female,Universiti Tunku Abdul Rahman
7,10,10,2,10,Juhairi,Nur Hafizah,FAM,DBPM,female,Universiti Tunku Abdul Rahman
6,10,10,2,10,Md Khair,Nurhayati,FAM,DBPM,female,Universiti Tunku Abdul Rahman
4,3,3,1,8,Mentaza Khan,Puteri Ameera,FAM,DBPM,female,Universiti Tunku Abdul Rahman
5,4,4,1,11,Thanaraju,Puvaneswary,FAM,DBPM,female,Universiti Tunku Abdul Rahman
3,3,3,1,5,Sivanathan,Sheelah,FAM,DBPM,female,Universiti Tunku Abdul Rahman
0,0,0,0,0,Cheng,Ming Yu,FAM,DOE,female,Universiti Tunku Abdul Rahman
18,38,43,3,29,Chong,Shyue Chuan,FAM,DOE,male,Universiti Tunku Abdul Rahman
14,33,33,3,21,Har,Wai Mun,FAM,DOE,male,Universiti Tunku Abdul Rahman
16,26,32,3,21,Lee,Hui Shan,FAM,DOE,female,Universiti Tunku Abdul Rahman
2,0,0,0,4,Lee,Sin Yee,FAM,DOE,female,Universiti Tunku Abdul Rahman
3,21,21,2,2,Ngoo,Yee Ting,FAM,DOE,female,Universiti Tunku Abdul Rahman
14,36,41,3,26,Sia,Bik Hai,FAM,DOE,male,Universiti Tunku Abdul Rahman
13,40,71,6,70,Rajamoorthy,Yogambigai,FAM,DOE,female,Universiti Tunku Abdul Rahman
18,144,170,8,39,Cham,Tat Huei,FAM,DOIB,female,Universiti Tunku Abdul Rahman
4,12,12,1,11,Er,Pek Hoon,FAM,DOIB,female,Universiti Tunku Abdul Rahman
6,45,45,2,11,Jalaludin,Farah Waheeda,FAM,DOIB,female,Universiti Tunku Abdul Rahman
20,106,106,5,23,Lau,Teck Chai,FAM,DOIB,male,Universiti Tunku Abdul Rahman
5,4,4,2,11,Low,Mei Peng,FAM,DOIB,female,Universiti Tunku Abdul Rahman
3,1,1,1,1,Khor,Kheng Kia,FAS,DOAD,male,Universiti Tunku Abdul Rahman
3,20,20,1,6,Kok,Hui Meian,FAS,DOAD,female,Universiti Tunku Abdul Rahman
1,0,0,0,2,Chibundu,Ihediwa Samuel,FAS,DOJ,male,Universiti Tunku Abdul Rahman
8,6,17,2,10,Ong,Christina Sook Beng,FAS,DLAL,female,Universiti Tunku Abdul Rahman
2,0,0,0,5,Mutty,Bharathi,FAS,DLAL,female,Universiti Tunku Abdul Rahman
3,1,1,1,9,Veerappan,Geetha,FAS,DLAL,female,Universiti Tunku Abdul Rahman
2,2,2,1,6,Tan,Joanna Tjin Ai,FAS,DLAL,female,Universiti Tunku Abdul Rahman
8,77,77,3,8,Veerappan,Geetha,FAS,DLAL,female,Universiti Tunku Abdul Rahman
3,11,11,2,8,Tan,Swee Mee,FAS,DLAL,female,Universiti Tunku Abdul Rahman
22,175,214,7,26,Siah,Poh Chua,FAS,DPAC,male,Universiti Tunku Abdul Rahman
7,71,71,3,12,Chie,Qiu Ting,FAS,DPAC,female,Universiti Tunku Abdul Rahman
15,42,54,4,13,Kok,Jin Kuan,FAS,DPAC,female,Universiti Tunku Abdul Rahman
9,25,26,2,16,Low,Sew Kim,FAS,DPAC,female,Universiti Tunku Abdul Rahman
2,0,0,0,3,Hushairi,Natasha Amira,FAS,DPAC,female,Universiti Tunku Abdul Rahman
2,1,1,1,7,Pheh,Kai Shuen,FAS,DPAC,male,Universiti Tunku Abdul Rahman
3,2,3,1,7,Nainee,Sarvarubini,FAS,DPAC,female,Universiti Tunku Abdul Rahman
3,0,0,0,7,Khodabkhsh,Sonia,FAS,DPAC,female,Universiti Tunku Abdul Rahman
3,0,0,0,7,Tan,Chee Seng,FAS,DPAC,male,Universiti Tunku Abdul Rahman
6,3,4,1,12,Tan,Soon Aun,FAS,DPAC,male,Universiti Tunku Abdul Rahman
14,20,20,2,42,Cheah,Phaik Kin,FAS,DPR,female,Universiti Tunku Abdul Rahman
2,0,0,0,5,Diong,Fong Wei,FAS,DPR,female,Universiti Tunku Abdul Rahman
3,9,10,2,5,Mat Nayan,Liana,FAS,DPR,female,Universiti Tunku Abdul Rahman
0,0,0,0,0,Choong,Yuen Onn,FBF,DOB,male,Universiti Tunku Abdul Rahman
0,0,0,0,0,Choong,Yuen Onn,FBF,DOB,male,Universiti Tunku Abdul Rahman
7,14,14,2,8,Choe,Kum Lung,FBF,DOB,male,Universiti Tunku Abdul Rahman
3,78,78,2,10,Fong,Chee Yong,FBF,DOB,male,Universiti Tunku Abdul Rahman
4,22,22,2,17,Kuek,Thiam Yong,FBF,DOB,male,Universiti Tunku Abdul Rahman
4,12,12,2,10,Ng,Lee Peng,FBF,DOB,female,Universiti Tunku Abdul Rahman
11,10,10,1,33,Moona Haji Mohamed @ Rajoo,Ramesh Kumar,FBF,DOB,male,Universiti Tunku Abdul Rahman
2,42,42,1,5,Foo,Alex Tun Lee,FBF,DOCA,male,Universiti Tunku Abdul Rahman
4,17,18,1,11,Ching,Suet Ling,FBF,DOCA,female,Universiti Tunku Abdul Rahman
3,27,27,1,6,Foo,Pik Yin,FBF,DOCA,female,Universiti Tunku Abdul Rahman
21,355,462,11,12,Hew,Jun Jie,FBF,DOCA,male,Universiti Tunku Abdul Rahman
2,6,6,1,3,Lee,Ah Suat,FBF,DOCA,female,Universiti Tunku Abdul Rahman
38,942,1131,18,27,Lee,Voon Hsien,FBF,DOCA,female,Universiti Tunku Abdul Rahman
24,646,933,15,13,Leong,Lai Ying,FBF,DOCA,female,Universiti Tunku Abdul Rahman
2,7,7,2,2,Lui,Tze Kiat,FBF,DOCA,male,Universiti Tunku Abdul Rahman
2,0,0,0,4,Khamar tazilah,Mohd Danial Afiq,FBF,DOCA,male,Universiti Tunku Abdul Rahman
9,30,30,3,14,Wong,Lee Luen,FBF,DOCA,male,Universiti Tunku Abdul Rahman
5,222,239,4,12,Yew,King Tak,FBF,DOCA,male,Universiti Tunku Abdul Rahman
3,19,19,1,12,Mohamad,Zam Zuriyati,FBF,DOCA,female,Universiti Tunku Abdul Rahman
17,27,27,3,14,Senadjki,Abdelhak,FBF,DE,male,Universiti Tunku Abdul Rahman
45,567,592,10,46,Chong,Chee Keong,FBF,DE,male,Universiti Tunku Abdul Rahman
19,381,387,6,8,Eng,Yoke Kee,FBF,DE,male,Universiti Tunku Abdul Rahman
8,5,6,1,11,Go,You How,FBF,DE,male,Universiti Tunku Abdul Rahman
2,11,11,2,7,Kuar,Lok Sin,FBF,DE,male,Universiti Tunku Abdul Rahman
10,311,315,3,21,Lau,Lin Sea,FBF,DE,female,Universiti Tunku Abdul Rahman
13,27,31,4,3,Wong,Chin Yoong,FBF,DE,male,Universiti Tunku Abdul Rahman
5,14,14,2,9,Yiew,Thian Hee,FBF,DE,male,Universiti Tunku Abdul Rahman
15,9,9,2,20,Yip,Chee Yin,FBF,DE,male,Universiti Tunku Abdul Rahman
2,2,2,1,3,Mohn Zin,Adi Wira,FBF,DOEN,male,Universiti Tunku Abdul Rahman
2,6,6,1,7,Ng,Yin Kuan,FBF,DOEN,female,Universiti Tunku Abdul Rahman
7,18,18,2,22,Yacob,Peter,FBF,DOEN,male,Universiti Tunku Abdul Rahman
5,8,8,1,6,Tan,Luen Peng,FBF,DOEN,male,Universiti Tunku Abdul Rahman
4,2,2,1,15,Maludin,Nurliyana,FBF,DOEN,female,Universiti Tunku Abdul Rahman
2,3,3,1,3,Cheah,Siew Pong,FBF,DOF,male,Universiti Tunku Abdul Rahman
6,28,30,3,8,Ng,Cheong Fatt,FBF,DOF,male,Universiti Tunku Abdul Rahman
3,16,16,2,19,Zakaria,Zuriawati,FBF,DOF,female,Universiti Tunku Abdul Rahman
8,137,139,4,13,Chen,I-Chi,FBF,DOM,female,Universiti Tunku Abdul Rahman
7,14,14,3,13,Chong,Yee Lee,FBF,DOM,female,Universiti Tunku Abdul Rahman
3,4,4,1,3,Krishnapillai,Gengeswari,FBF,DOM,female,Universiti Tunku Abdul Rahman
2,13,13,1,7,Khor,Saw Chin,FBF,DOM,female,Universiti Tunku Abdul Rahman
4,144,149,4,6,Lam,Siew Yong,FBF,DOM,female,Universiti Tunku Abdul Rahman
9,289,315,5,24,Sim,Jia Jia,FBF,DOM,female,Universiti Tunku Abdul Rahman
2,0,0,0,6,Yapp,Aloysius,FCI,DGS,male,Universiti Tunku Abdul Rahman
5,2,2,1,3,Chong,Hwei Teeng,FCI,DGS,female,Universiti Tunku Abdul Rahman
4,13,13,2,6,Chin,Yee Mun,FCI,DGEN,male,Universiti Tunku Abdul Rahman
3,0,0,0,8,Hassan,Nor Azlili,FCI,DGEN,female,Universiti Tunku Abdul Rahman
20,42,44,3,19,Moses,Priscilla,FCI,DGEN,female,Universiti Tunku Abdul Rahman
6,4,4,1,12,Sinnapan,Santhidran,FCI,DMC,male,Universiti Tunku Abdul Rahman
5,2,2,1,9,Albert Wilson,Sharon Jacqueline,FCI,DMC,female,Universiti Tunku Abdul Rahman
6,4,4,1,9,Rajaskran,Thanaseelen,FCI,DMC,male,Universiti Tunku Abdul Rahman
4,3,3,1,10,Periyayya,Thinavan,FCI,DM,male,Universiti Tunku Abdul Rahman
4,2,2,1,6,Supian,Nadya,FCI,DML,female,Universiti Tunku Abdul Rahman
2,4,4,1,3,Thurairaj,Saraswathy,FCI,DML,female,Universiti Tunku Abdul Rahman
4,0,0,0,11,Kandasamy,Silllalee,FCI,DML,female,Universiti Tunku Abdul Rahman
2,4,4,1,9,Roy,Swagata Sinha,FCI,DML,female,Universiti Tunku Abdul Rahman
5,18,18,1,6,Yuen,May Chan,FCI,DMDA,female,Universiti Tunku Abdul Rahman
0,0,0,0,0,Siew,Pei Hwa,FCI,DMDA,female,Universiti Tunku Abdul Rahman
2,1,1,1,9,Ashola,Olanrewaju Abdullateef,FEGT,DCM,male,Universiti Tunku Abdul Rahman
15,391,414,8,16,Kwan,Wai Hoe,FEGT,DCM,male,Universiti Tunku Abdul Rahman
3,2,2,1,7,Sanmargaraja,Shalini,FEGT,DCM,female,Universiti Tunku Abdul Rahman
10,35,38,4,13,Tan,Seong Yeow,FEGT,DCM,male,Universiti Tunku Abdul Rahman
3,1,1,1,8,Teh,Kim Hai,FEGT,DCM,male,Universiti Tunku Abdul Rahman
8,5,5,1,14,Ponniah,Vignes,FEGT,DCM,male,Universiti Tunku Abdul Rahman
4,4,4,1,4,Chan,Cheong Loong,FEGT,DEE,male,Universiti Tunku Abdul Rahman
110,348,469,10,105,Nisar,Humaira,FEGT,DEE,female,Universiti Tunku Abdul Rahman
19,46,54,4,23,Lee,Sheng Chyan,FEGT,DEE,male,Universiti Tunku Abdul Rahman
8,26,32,2,6,Lee,Yu Jen,FEGT,DEE,male,Universiti Tunku Abdul Rahman
48,647,899,12,46,Teh,Peh Chiong,FEGT,DEE,male,Universiti Tunku Abdul Rahman
10,134,152,4,24,Loh,Siu Hong,FEGT,DEE,male,Universiti Tunku Abdul Rahman
4,1,1,1,7,Toh,Pek Lan,FEGT,DEE,female,Universiti Tunku Abdul Rahman
49,223,249,9,58,Yap,Vooi Voon,FEGT,DEE,male,Universiti Tunku Abdul Rahman
63,175,170,7,92,Yeap,Kim Ho,FEGT,DEE,male,Universiti Tunku Abdul Rahman
16,28,39,4,24,Yeong,Kee Choon,FEGT,DEE,male,Universiti Tunku Abdul Rahman
19,165,235,8,17,Yew,Tiong Keat,FEGT,DEE,male,Universiti Tunku Abdul Rahman
5,13,14,2,6,Chin,Kah Seng,FEGT,DEV,male,Universiti Tunku Abdul Rahman
6,13,13,2,15,Chin,Yik Heng,FEGT,DEV,male,Universiti Tunku Abdul Rahman
73,1367,1815,23,28,Lam,Sze Mun,FEGT,DEV,female,Universiti Tunku Abdul Rahman
37,640,686,11,63,Leong,Kah Hon,FEGT,DEV,male,Universiti Tunku Abdul Rahman
99,1408,1880,22,189,Bashir,Mohammed,FEGT,DEV,male,Universiti Tunku Abdul Rahman
40,285,366,10,77,Ng,Choon Aun,FEGT,DEV,male,Universiti Tunku Abdul Rahman
6,24,24,3,11,Tan,Kok Weng,FEGT,DEV,male,Universiti Tunku Abdul Rahman
10,63,64,3,22,Wai,Soon Han,FEGT,DEV,male,Universiti Tunku Abdul Rahman
10,29,35,3,28,Wong,Lai Peng,FEGT,DEV,female,Universiti Tunku Abdul Rahman
9,73,79,5,30,Wong,Ling Yong,FEGT,DEV,male,Universiti Tunku Abdul Rahman
20,18,19,3,29,Nizamani,Zafarullah,FEGT,DEV,male,Universiti Tunku Abdul Rahman
62,462,496,13,56,Nakayama,Akihiko,FEGT,DEV,male,Universiti Tunku Abdul Rahman
20,67,75,5,27,Jaya Prakash,Joshua,FEGT,DIE,male,Universiti Tunku Abdul Rahman
2,42,42,1,2,Khoo,Sze Wei,FEGT,DIE,male,Universiti Tunku Abdul Rahman
8,11,12,3,8,Ng,Soo Ai,FEGT,DIE,female,Universiti Tunku Abdul Rahman
49,645,757,14,49,Ong,Kok Seng,FEGT,DIE,male,Universiti Tunku Abdul Rahman
25,119,178,7,20,Tan,Ming Hui,FEGT,DIE,male,Universiti Tunku Abdul Rahman
3,20,20,2,8,Tshai @ Chai,Kim Hoe,FEGT,DIE,male,Universiti Tunku Abdul Rahman
11,87,91,5,35,Chng,Lee Muei,FEGT,DPCE,female,Universiti Tunku Abdul Rahman
3,4,4,1,6,Kanadasan,Gobi,FEGT,DPCE,male,Universiti Tunku Abdul Rahman
8,48,51,2,17,Leong,Siew Yoong,FEGT,DPCE,male,Universiti Tunku Abdul Rahman
19,77,93,5,43,Lo,Po Kim,FEGT,DPCE,female,Universiti Tunku Abdul Rahman
6,189,189,2,15,Low,Chong Yu,FEGT,DPCE,male,Universiti Tunku Abdul Rahman
5,7,8,2,8,Muniyadi,Mathialagan,FEGT,DPCE,male,Universiti Tunku Abdul Rahman
16,373,392,9,18,Ong,Yit Thai,FEGT,DPCE,male,Universiti Tunku Abdul Rahman
76,1371,1819,23,42,Sin,Jin Chung,FEGT,DPCE,male,Universiti Tunku Abdul Rahman
31,1782,2159,20,19,Tan,Kok Tat,FEGT,DPCE,male,Universiti Tunku Abdul Rahman
13,223,341,7,21,Toh,Peh Yi,FEGT,DPCE,female,Universiti Tunku Abdul Rahman
29,187,208,8,30,Munisamy,Yamuna,FEGT,DPCE,female,Universiti Tunku Abdul Rahman
16,149,175,8,12,Yeoh,Wei Ming,FEGT,DPCE,male,Universiti Tunku Abdul Rahman
3,6,6,2,22,Te,Kian Keong,FMHS,DCM,male,Universiti Tunku Abdul Rahman
156,1216,1324,20,312,Cheong,Soon Keng,FMHS,DOM,male,Universiti Tunku Abdul Rahman
32,144,153,9,21,Yap,Felix Boon Bin,FMHS,DOM,male,Universiti Tunku Abdul Rahman
3,1,1,1,20,Lau,Kar Foo,FMHS,DOM,male,Universiti Tunku Abdul Rahman
2,0,0,0,9,Choo,Peak Yean,FMHS,DON,female,Universiti Tunku Abdul Rahman
2,0,0,0,9,Liew,Siew Fun,FMHS,DON,female,Universiti Tunku Abdul Rahman
2,0,0,0,9,Woo,Li Fong,FMHS,DON,female,Universiti Tunku Abdul Rahman
3,60,60,2,8,Ali Mir,Imtiyaz,FMHS,DOP,male,Universiti Tunku Abdul Rahman
4,10,10,1,6,Majeed Kutty,Nizar Abdul,FMHS,DOP,male,Universiti Tunku Abdul Rahman
9,7,7,2,18,Padmanathan,Vinothini,FMHS,DOP,female,Universiti Tunku Abdul Rahman
146,1904,2904,25,422,Boo @ Mooi,Nem Yun @ Nam Ying,FMHS,DOPM,male,Universiti Tunku Abdul Rahman
8,20,20,2,25,Abdulrazzaq Jabbar,Mohammed,FMHS,DOPM,male,Universiti Tunku Abdul Rahman
6,4,4,1,24,Abed Abed,Naghem Farouk,FMHS,DOPM,female,Universiti Tunku Abdul Rahman
15,73,77,6,45,Masilamani,Retneswari,FMHS,DOPM,female,Universiti Tunku Abdul Rahman
7,130,133,6,12,Chen,Robert,FMHS,DOPM,male,Universiti Tunku Abdul Rahman
7,31,33,3,25,Yeoh,Seen Heng,FMHS,DOPM,male,Universiti Tunku Abdul Rahman
30,255,284,9,101,Ong,Alan Han Kiat,FMHS,DPCS,male,Universiti Tunku Abdul Rahman
32,529,549,13,131,Chin,Kin Fah,FMHS,DPCS,male,Universiti Tunku Abdul Rahman
39,768,870,15,90,Choo,Kong Bung,FMHS,DPCS,male,Universiti Tunku Abdul Rahman
11,63,71,5,30,Fong,Lai Yen,FMHS,DPCS,female,Universiti Tunku Abdul Rahman
6,9,10,2,37,Gan,Quan Fu,FMHS,DPCS,male,Universiti Tunku Abdul Rahman
8,15,15,2,23,Deva @ Ng,Jenny Parameshvara @ Gek Pheng,FMHS,DPCS,female,Universiti Tunku Abdul Rahman
9,22,22,3,35,Gan,Seng Chiew,FMHS,DPCS,male,Universiti Tunku Abdul Rahman
11,95,95,5,43,Leong,Pooi Pooi,FMHS,DPCS,female,Universiti Tunku Abdul Rahman
43,415,516,13,83,Lim,Yang Mooi,FMHS,DPCS,female,Universiti Tunku Abdul Rahman
2,0,0,0,9,Mohamad Hatta,Nadia,FMHS,DPCS,female,Universiti Tunku Abdul Rahman
2,85,94,2,4,Sin,Shwe,FMHS,DPCS,female,Universiti Tunku Abdul Rahman
5,23,23,2,14,Singh,Simerjit,FMHS,DPCS,male,Universiti Tunku Abdul Rahman
7,47,49,4,16,Teoh,Hoon Koon,FMHS,DPCS,female,Universiti Tunku Abdul Rahman
5,11,11,2,27,Thaw,Zin,FMHS,DPCS,male,Universiti Tunku Abdul Rahman
55,447,483,12,156,Yak,Sook Fan,FMHS,DPCS,female,Universiti Tunku Abdul Rahman
15,424,477,7,33,Chang,Ying Ping,FSc,DAFS,female,Universiti Tunku Abdul Rahman
8,103,106,4,23,Yassoralipour,Ali,FSc,DAFS,male,Universiti Tunku Abdul Rahman
15,109,151,7,19,Ee,Kah Yaw,FSc,DAFS,male,Universiti Tunku Abdul Rahman
2,5,5,1,5,Heng,Mei Hsuan,FSc,DAFS,female,Universiti Tunku Abdul Rahman
20,442,525,8,37,Lye,Huey Shi,FSc,DAFS,female,Universiti Tunku Abdul Rahman
12,169,200,6,14,Ong,Mei Kying,FSc,DAFS,female,Universiti Tunku Abdul Rahman
5,60,61,3,10,Ooi,Ai Lin,FSc,DAFS,male,Universiti Tunku Abdul Rahman
0,0,0,0,0,Ooi,Aun Chuan,FSc,DAFS,male,Universiti Tunku Abdul Rahman
21,169,189,8,53,Phuah,Eng Tong,FSc,DAFS,male,Universiti Tunku Abdul Rahman
11,28,28,4,105,Sim,Kheng Yuen,FSc,DAFS,male,Universiti Tunku Abdul Rahman
12,72,79,6,22,Tan,Yen Nee,FSc,DAFS,female,Universiti Tunku Abdul Rahman
10,30,38,4,16,Teo,Kah Cheng,FSc,DAFS,female,Universiti Tunku Abdul Rahman
9,109,118,5,9,Teoh,Chaiw Yee,FSc,DAFS,female,Universiti Tunku Abdul Rahman
3,16,19,2,6,Loganathan,Annalechumy,FSc,DAHS,female,Universiti Tunku Abdul Rahman
13,14,16,3,15,Chee,Hui Phing,FSc,DAHS,female,Universiti Tunku Abdul Rahman
17,104,114,5,26,Chew,Choy Hoong,FSc,DAHS,female,Universiti Tunku Abdul Rahman
5,26,26,1,9,Thaigarajah,Kokila,FSc,DAHS,female,Universiti Tunku Abdul Rahman
7,88,109,6,10,Ng,Michelle Yeen Tan,FSc,DAHS,female,Universiti Tunku Abdul Rahman
24,312,391,8,34,Ng,Tony Kock Wai,FSc,DAHS,male,Universiti Tunku Abdul Rahman
6,63,65,3,17,Ng,Wen Jie,FSc,DAHS,male,Universiti Tunku Abdul Rahman
5,69,69,3,13,Arullappan,Sangeetha,FSc,DAHS,female,Universiti Tunku Abdul Rahman
6,8,13,3,9,Djearamane,Sinouvassane,FSc,DAHS,male,Universiti Tunku Abdul Rahman
17,224,229,5,66,Sit,Nam Weng,FSc,DAHS,male,Universiti Tunku Abdul Rahman
8,43,60,5,6,Tan,Chin Xuan,FSc,DAHS,male,Universiti Tunku Abdul Rahman
14,65,67,4,40,Teh,Lai Kuan,FSc,DAHS,female,Universiti Tunku Abdul Rahman
8,82,84,4,13,Choo,Quok Cheong,FSc,DBS,male,Universiti Tunku Abdul Rahman
24,146,181,7,44,Khoo,Gideon,FSc,DBS,male,Universiti Tunku Abdul Rahman
3,3,3,1,4,Kam,Yew Chee,FSc,DBS,male,Universiti Tunku Abdul Rahman
8,126,165,7,9,Kho,Chiew Ling,FSc,DBS,female,Universiti Tunku Abdul Rahman
7,40,40,4,26,Lee,Kok Chang,FSc,DBS,male,Universiti Tunku Abdul Rahman
13,114,115,4,26,Ong,Lisa Gaik Ai,FSc,DBS,female,Universiti Tunku Abdul Rahman
7,203,257,9,30,Loo,Keat Wei,FSc,DBS,female,Universiti Tunku Abdul Rahman
3,8,8,1,7,Shit,Chong Sheng,FSc,DBS,male,Universiti Tunku Abdul Rahman
22,228,274,11,27,Tee,Chong Siang,FSc,DBS,male,Universiti Tunku Abdul Rahman
2,34,34,2,4,Teh,Yok Lan,FSc,DBS,female,Universiti Tunku Abdul Rahman
29,2024,2493,17,119,Wong,Hann Ling,FSc,DBS,male,Universiti Tunku Abdul Rahman
19,91,97,6,30,Wong,Wey Lim,FSc,DBS,male,Universiti Tunku Abdul Rahman
11,196,222,9,51,Yap,Moh Lan,FSc,DBS,female,Universiti Tunku Abdul Rahman
4,8,8,2,9,Anthony Dhanapal,Anto Cordelia Tanislaus,FSc,DCHS,female,Universiti Tunku Abdul Rahman
46,303,351,11,92,Chai,Tsun Thai,FSc,DCHS,male,Universiti Tunku Abdul Rahman
3,6,6,1,7,Chan,Mun Yee,FSc,DCHS,female,Universiti Tunku Abdul Rahman
17,168,170,7,38,Chee,Swee Yong,FSc,DCHS,female,Universiti Tunku Abdul Rahman
136,776,1313,19,106,Ha,Sie Tiong,FSc,DCHS,male,Universiti Tunku Abdul Rahman
24,143,161,8,46,Lim,Chan Kiang,FSc,DCHS,male,Universiti Tunku Abdul Rahman
20,221,370,11,35,Lim,Tuck Meng,FSc,DCHS,male,Universiti Tunku Abdul Rahman
23,181,268,9,35,Aminuzzaman,Mohammod,FSc,DCHS,male,Universiti Tunku Abdul Rahman
66,567,793,14,55,Ong,Siew Teng,FSc,DCHS,female,Universiti Tunku Abdul Rahman
14,47,59,5,35,Ong,Mei Lee,FSc,DCHS,female,Universiti Tunku Abdul Rahman
33,160,204,10,21,Ooi,Zhong Xian,FSc,DCHS,male,Universiti Tunku Abdul Rahman
31,547,873,17,35,Sim,Kooi Mow,FSc,DCHS,male,Universiti Tunku Abdul Rahman
11,154,215,8,28,Tey,Lai Hock,FSc,DCHS,male,Universiti Tunku Abdul Rahman
35,234,275,10,67,Wong,Fai Chu,FSc,DCHS,male,Universiti Tunku Abdul Rahman
77,297,483,11,108,Yip,Foo Win,FSc,DCHS,male,Universiti Tunku Abdul Rahman
14,16,17,3,19,Beh,Woan Lin,FSc,DPMS,female,Universiti Tunku Abdul Rahman
3,0,0,0,8,Degeras,Karunanithy,FSc,DPMS,male,Universiti Tunku Abdul Rahman
11,72,77,6,26,Yip,Foo Win,FSc,DPMS,male,Universiti Tunku Abdul Rahman
3,0,0,0,8,Suliman,Khairul Rizuan,FSc,DPMS,male,Universiti Tunku Abdul Rahman
5,86,97,2,13,Lee,How Chinh,FSc,DPMS,male,Universiti Tunku Abdul Rahman
4,1,1,1,5,Lem,Kong Hoong,FSc,DPMS,male,Universiti Tunku Abdul Rahman
2,0,0,0,7,Lim,Shun Jinn,FSc,DPMS,female,Universiti Tunku Abdul Rahman
4,1,1,1,16,Looi,Sing Yan,FSc,DPMS,male,Universiti Tunku Abdul Rahman
3,6,6,1,7,Selvaraju,Mohan,FSc,DPMS,male,Universiti Tunku Abdul Rahman
2,5,5,1,5,Bakar,Mohd Abidin,FSc,DPMS,male,Universiti Tunku Abdul Rahman
12,30,30,3,20,Ng,Peh Sang,FSc,DPMS,female,Universiti Tunku Abdul Rahman
5,13,13,3,14,Beleya,Prashanth,FSc,DPMS,female,Universiti Tunku Abdul Rahman
2,0,0,0,6,Song,Poh Choo,FSc,DPMS,female,Universiti Tunku Abdul Rahman
7,19,21,2,9,Beh,Jing Han,LKCFES,DASD,female,Universiti Tunku Abdul Rahman
21,234,301,11,53,Lee,Sze Ying,LKCFES,DCE,female,Universiti Tunku Abdul Rahman
82,1342,1629,24,81,Lee,Tin Sin,LKCFES,DCE,male,Universiti Tunku Abdul Rahman
4,137,139,3,8,Lee,Zhi Hua,LKCFES,DCE,female,Universiti Tunku Abdul Rahman
26,128,156,7,27,Lee,Chun Hsion,LKCFES,DCE,male,Universiti Tunku Abdul Rahman
11,123,129,6,20,Mah,Shee Keat,LKCFES,DCE,male,Universiti Tunku Abdul Rahman
31,1301,1408,12,32,Ng,Law Yong,LKCFES,DCE,male,Universiti Tunku Abdul Rahman
11,161,165,6,12,Ng,Yee Sern,LKCFES,DCE,male,Universiti Tunku Abdul Rahman
53,1151,1318,18,59,Pang,Yean Ling,LKCFES,DCE,female,Universiti Tunku Abdul Rahman
27,705,801,10,42,Shuit,Siew Hoong,LKCFES,DCE,male,Universiti Tunku Abdul Rahman
31,416,445,11,41,Sim,Lan Ching,LKCFES,DCE,female,Universiti Tunku Abdul Rahman
54,993,1119,16,68,Lim,Steven,LKCFES,DCE,male,Universiti Tunku Abdul Rahman
18,75,89,6,44,Tee,Shiau Foon,LKCFES,DCE,female,Universiti Tunku Abdul Rahman
42,827,984,15,46,Tee,Tiam Ting,LKCFES,DCE,male,Universiti Tunku Abdul Rahman
5,56,56,3,18,Teoh,Hui Chieh,LKCFES,DCE,male,Universiti Tunku Abdul Rahman
21,320,347,7,42,Thiam,Hui San,LKCFES,DCE,female,Universiti Tunku Abdul Rahman
17,116,123,8,17,Tioh,Ngee Heng,LKCFES,DCE,male,Universiti Tunku Abdul Rahman
6,8,9,2,13,Wong,Kam Huei,LKCFES,DCE,female,Universiti Tunku Abdul Rahman
14,142,152,7,36,Woo,Kwan Kit,LKCFES,DCE,female,Universiti Tunku Abdul Rahman
6,16,18,3,20,Yap,Yeow Hong,LKCFES,DCE,male,Universiti Tunku Abdul Rahman
5,91,92,4,19,Ismail,Azlyana,LKCFES,DCE,female,Universiti Tunku Abdul Rahman
21,92,98,5,34,Chong,Kok Chung,LKCFES,DCE,male,Universiti Tunku Abdul Rahman
21,68,77,6,41,Chong,Woon Chan,LKCFES,DCE,female,Universiti Tunku Abdul Rahman
13,377,393,7,22,Issabayeva,Gulnaziya,LKCFES,DCE,female,Universiti Tunku Abdul Rahman
14,637,745,10,31,Shak,Katrina Pui Yee,LKCFES,DCE,female,Universiti Tunku Abdul Rahman
48,1218,1364,17,87,Lai,Soon Onn,LKCFES,DCE,male,Universiti Tunku Abdul Rahman
7,19,21,2,9,Beh,Jing Han,LKCFES,DCE,female,Universiti Tunku Abdul Rahman
15,34,34,3,24,Chong,Siaw Yah,LKCFES,DCEN,female,Universiti Tunku Abdul Rahman
42,278,326,10,55,Huang,Yuk Feng,LKCFES,DCEN,male,Universiti Tunku Abdul Rahman
36,250,269,11,23,Khoo,Hooi Ling,LKCFES,DCEN,female,Universiti Tunku Abdul Rahman
34,207,235,8,41,Koo,Chai Hoon,LKCFES,DCEN,female,Universiti Tunku Abdul Rahman
2,0,0,0,7,Kwong,Kok Zee,LKCFES,DCEN,male,Universiti Tunku Abdul Rahman
10,16,21,3,18,Lau,See Hung,LKCFES,DCEN,female,Universiti Tunku Abdul Rahman
14,27,34,3,29,Lee,Foo Wei,LKCFES,DCEN,male,Universiti Tunku Abdul Rahman
22,114,127,5,34,Lee,Yee Ling,LKCFES,DCEN,female,Universiti Tunku Abdul Rahman
16,15,18,3,32,Lim,Jee Hock,LKCFES,DCEN,male,Universiti Tunku Abdul Rahman
5,9,9,2,10,Lim,Ming Han,LKCFES,DCEN,male,Universiti Tunku Abdul Rahman
29,199,221,8,46,Lim,Siong Kang,LKCFES,DCEN,male,Universiti Tunku Abdul Rahman
20,79,87,3,23,Ling,Lloyd,LKCFES,DCEN,male,Universiti Tunku Abdul Rahman
10,24,24,3,24,Mahzabin,Sadia,LKCFES,DCEN,female,Universiti Tunku Abdul Rahman
5,127,135,5,7,Ong,Chuan Fang,LKCFES,DCEN,male,Universiti Tunku Abdul Rahman
5,0,0,0,5,Woon,Kai Siong,LKCFES,DCEN,male,Universiti Tunku Abdul Rahman
14,225,227,3,19,Tanaka,Yasuo,LKCFES,DCEN,male,Universiti Tunku Abdul Rahman
34,292,355,10,43,Yew,Ming Kun,LKCFES,DCEN,male,Universiti Tunku Abdul Rahman
12,12,18,3,20,Yip,Chun Chieh,LKCFES,DCEN,male,Universiti Tunku Abdul Rahman
48,273,305,8,60,Ling,Lloyd,LKCFES,DEEE,male,Universiti Tunku Abdul Rahman
10,6,7,2,14,Chew,Kuew Wai,LKCFES,DEEE,male,Universiti Tunku Abdul Rahman
73,619,1134,20,89,Chong,Kok Keong,LKCFES,DEEE,male,Universiti Tunku Abdul Rahman
20,187,217,5,19,Chua,Kein Huat,LKCFES,DEEE,male,Universiti Tunku Abdul Rahman
14,34,56,4,14,Chua,Sing Yee,LKCFES,DEEE,female,Universiti Tunku Abdul Rahman
152,878,1117,17,113,Chuah,Hean Teik,LKCFES,DEEE,male,Universiti Tunku Abdul Rahman
60,606,688,11,45,Chung,Boon Kuan,LKCFES,DEEE,male,Universiti Tunku Abdul Rahman
120,514,630,14,115,Ewe,Hong Tat,LKCFES,DEEE,male,Universiti Tunku Abdul Rahman
2,0,0,0,4,Abrahim Gnanamuthu,Ezra Morris,LKCFES,DEEE,male,Universiti Tunku Abdul Rahman
87,453,548,13,128,Abd Rahman,Faidz,LKCFES,DEEE,male,Universiti Tunku Abdul Rahman
14,81,83,4,29,Vetharatnam,Gobi,LKCFES,DEEE,male,Universiti Tunku Abdul Rahman
7,3,3,1,4,Vengadasalam,Jeewa,LKCFES,DEEE,male,Universiti Tunku Abdul Rahman
14,132,167,7,17,Khaw,Mei Kum,LKCFES,DEEE,female,Universiti Tunku Abdul Rahman
15,21,22,2,26,Lai,An Chow,LKCFES,DEEE,male,Universiti Tunku Abdul Rahman
38,120,140,6,61,Lee,Kim Yee,LKCFES,DEEE,male,Universiti Tunku Abdul Rahman
44,218,251,7,42,Lee,Sze Wei,LKCFES,DEEE,male,Universiti Tunku Abdul Rahman
17,232,250,7,16,Lee,Ying Loong,LKCFES,DEEE,male,Universiti Tunku Abdul Rahman
9,10,14,3,10,Lee,Yong Hong,LKCFES,DEEE,male,Universiti Tunku Abdul Rahman
34,220,436,9,67,Lim,Boon Han,LKCFES,DEEE,male,Universiti Tunku Abdul Rahman
92,564,868,17,71,Lim,Eng Hock,LKCFES,DEEE,male,Universiti Tunku Abdul Rahman
12,27,30,4,9,Lim,Soo King,LKCFES,DEEE,male,Universiti Tunku Abdul Rahman
66,777,877,16,54,Lim,Yun Seng,LKCFES,DEEE,male,Universiti Tunku Abdul Rahman
23,61,71,5,34,Lin,Horng Sheng,LKCFES,DEEE,male,Universiti Tunku Abdul Rahman
7,97,108,4,3,Ng,Choon Boon,LKCFES,DEEE,male,Universiti Tunku Abdul Rahman
20,19,20,2,46,Phua,Yeong Nan,LKCFES,DEEE,male,Universiti Tunku Abdul Rahman
35,253,281,9,50,Pua,Chang Hong,LKCFES,DEEE,male,Universiti Tunku Abdul Rahman
8,15,15,3,10,See,Yuen Chark,LKCFES,DEEE,male,Universiti Tunku Abdul Rahman
35,619,829,15,56,Shee,Yu Gang,LKCFES,DEEE,male,Universiti Tunku Abdul Rahman
36,366,412,10,28,Morris,Stella,LKCFES,DEEE,female,Universiti Tunku Abdul Rahman
15,39,41,4,18,Tham,Mau Luen,LKCFES,DEEE,male,Universiti Tunku Abdul Rahman
24,198,230,5,27,Wong,Jianhui,LKCFES,DEEE,female,Universiti Tunku Abdul Rahman
54,396,431,9,64,Yap,Wun She,LKCFES,DEEE,male,Universiti Tunku Abdul Rahman
23,106,118,8,42,Yeoh,Keat Hoe,LKCFES,DEEE,female,Universiti Tunku Abdul Rahman
20,156,163,6,29,Yong,Thain Khok,LKCFES,DEEE,male,Universiti Tunku Abdul Rahman
49,319,340,10,62,Yap,Wun She,LKCFES,DEEE,male,Universiti Tunku Abdul Rahman
4,2,2,1,6,Chean,Swee Ling,LKCFES,DIECS,female,Universiti Tunku Abdul Rahman
2,6,6,2,3,Hoo,Meei Hao,LKCFES,DIECS,female,Universiti Tunku Abdul Rahman
62,484,544,10,75,Kishigami,Junichi,LKCFES,DIECS,male,Universiti Tunku Abdul Rahman
21,108,119,5,10,Khor,Kok Chin,LKCFES,DIECS,male,Universiti Tunku Abdul Rahman
7,17,20,3,11,Bonab,Mohammad Babrdel,LKCFES,DIECS,male,Universiti Tunku Abdul Rahman
10,38,40,4,14,Lau,Simon Boung Yew,LKCFES,DIECS,male,Universiti Tunku Abdul Rahman
55,542,571,13,53,Tay,Yong Haur,LKCFES,DIECS,male,Universiti Tunku Abdul Rahman
3,3,3,1,5,Too,Chian Wen,LKCFES,DIECS,female,Universiti Tunku Abdul Rahman
2,0,0,0,2,Wong,Chim Chwee,LKCFES,DIECS,female,Universiti Tunku Abdul Rahman
7,8,9,2,11,Wong,Whee Yen,LKCFES,DIECS,female,Universiti Tunku Abdul Rahman
5,41,41,2,9,Yong,Yoke Leng,LKCFES,DIECS,female,Universiti Tunku Abdul Rahman
24,68,69,4,18,De,Avik,LKCFES,DMAS,male,Universiti Tunku Abdul Rahman
14,5,6,2,6,Chen,Huey Voon,LKCFES,DMAS,female,Universiti Tunku Abdul Rahman
7,0,0,0,4,Chew,Chun Yong,LKCFES,DMAS,male,Universiti Tunku Abdul Rahman
39,101,136,7,25,Chia,Gek Ling,LKCFES,DMAS,male,Universiti Tunku Abdul Rahman
9,9,10,1,7,Goh,Yann Ling,LKCFES,DMAS,female,Universiti Tunku Abdul Rahman
16,12,13,2,20,Goh,Yong Kheng,LKCFES,DMAS,male,Universiti Tunku Abdul Rahman
4,2,3,1,8,Koh,Siew Khew,LKCFES,DMAS,female,Universiti Tunku Abdul Rahman
4,2,4,1,2,Kuang,Kee Seng,LKCFES,DMAS,male,Universiti Tunku Abdul Rahman
2,1,1,1,2,Lee,Yap Jia,LKCFES,DMAS,female,Universiti Tunku Abdul Rahman
2,0,0,0,2,Liew,How Hui,LKCFES,DMAS,male,Universiti Tunku Abdul Rahman
4,7,7,2,8,Ng,Kooi Huat,LKCFES,DMAS,male,Universiti Tunku Abdul Rahman
4,6,9,2,3,Ng,Wei Shean,LKCFES,DMAS,female,Universiti Tunku Abdul Rahman
4,8,10,2,3,Ong,Poh Hwa,LKCFES,DMAS,female,Universiti Tunku Abdul Rahman
5,3,3,1,9,Pan,Wei Yeing,LKCFES,DMAS,female,Universiti Tunku Abdul Rahman
7,5,9,2,3,Pang,Sook Theng,LKCFES,DMAS,female,Universiti Tunku Abdul Rahman
5,13,13,1,1,Qua,Kiat Tat,LKCFES,DMAS,male,Universiti Tunku Abdul Rahman
6,44,46,3,11,Sim,Shin Zhu,LKCFES,DMAS,female,Universiti Tunku Abdul Rahman
15,7,13,2,7,Tan,Choon Peng,LKCFES,DMAS,male,Universiti Tunku Abdul Rahman
6,11,11,3,13,Tan,Wei Lun,LKCFES,DMAS,male,Universiti Tunku Abdul Rahman
12,61,62,5,5,Teoh,Lay Eng,LKCFES,DMAS,female,Universiti Tunku Abdul Rahman
17,7,9,2,11,Wong,Chee Keong,LKCFES,DMAS,male,Universiti Tunku Abdul Rahman
9,9,10,1,7,Yong,Chin Khain,LKCFES,DMAS,male,Universiti Tunku Abdul Rahman
5,21,22,2,2,Yap,Lee Ken,LKCFES,DMAS,female,Universiti Tunku Abdul Rahman
5,12,12,2,11,Yong,Chin Khain,LKCFES,DMAS,male,Universiti Tunku Abdul Rahman
9,9,10,1,7,Tan,Andy Chit,LKCFES,DMME,male,Universiti Tunku Abdul Rahman
66,951,1125,17,67,Bee,Soo Tueen,LKCFES,DMME,female,Universiti Tunku Abdul Rahman
3,27,27,2,16,Chen,Kah Pin,LKCFES,DMME,male,Universiti Tunku Abdul Rahman
6,6,6,2,3,Cheong,Wen Chiet,LKCFES,DMME,male,Universiti Tunku Abdul Rahman
13,66,71,5,32,Goh,Sing Yau,LKCFES,DMME,male,Universiti Tunku Abdul Rahman
22,345,371,8,37,Jun,Hieng Kiat,LKCFES,DMME,male,Universiti Tunku Abdul Rahman
8,7,7,2,4,Kam,Heng Keong,LKCFES,DMME,male,Universiti Tunku Abdul Rahman
29,116,188,9,29,Khaw,Chwin Chieh,LKCFES,DMME,male,Universiti Tunku Abdul Rahman
15,67,67,2,39,King,Yeong Jin,LKCFES,DMME,male,Universiti Tunku Abdul Rahman
4,4,4,1,8,Lee,Hwang Sheng,LKCFES,DMME,male,Universiti Tunku Abdul Rahman
30,80,87,5,51,Lee,Poh Foong,LKCFES,DMME,female,Universiti Tunku Abdul Rahman
13,66,71,5,32,Liang,Sing Yau,LKCFES,DMME,male,Universiti Tunku Abdul Rahman
5,63,63,3,25,Liang,Meng Suan,LKCFES,DMME,female,Universiti Tunku Abdul Rahman
3,13,13,1,4,Low,Foon Siang,LKCFES,DMME,female,Universiti Tunku Abdul Rahman
12,145,147,6,28,Ng,Tan Ching,LKCFES,DMME,female,Universiti Tunku Abdul Rahman
15,86,104,4,30,Ooi,Joog Boon,LKCFES,DMME,male,Universiti Tunku Abdul Rahman
16,112,135,6,23,Poon,Hiew Mun,LKCFES,DMME,female,Universiti Tunku Abdul Rahman
60,585,774,16,85,Durairaj,Rajkumar,LKCFES,DMME,male,Universiti Tunku Abdul Rahman
6,46,51,3,11,Viyapuri,Rubentheren,LKCFES,DMME,male,Universiti Tunku Abdul Rahman
13,29,35,3,31,Tey,Jing Yuen,LKCFES,DMME,male,Universiti Tunku Abdul Rahman
12,33,34,3,39,Ting,Chen Hunt,LKCFES,DMME,male,Universiti Tunku Abdul Rahman
3,0,0,0,6,Wong,Mee Chu,LKCFES,DMME,female,Universiti Tunku Abdul Rahman
25,123,126,7,46,Yeo,Wei Hong,LKCFES,DMME,male,Universiti Tunku Abdul Rahman
37,560,673,15,44,Yew,Ming Chain,LKCFES,DMME,male,Universiti Tunku Abdul Rahman
22,83,91,4,31,Chai,Tong Yuen,LKCFES,DMBE,male,Universiti Tunku Abdul Rahman
6,5,5,1,9,Chan,Siow Cheng,LKCFES,DMBE,female,Universiti Tunku Abdul Rahman
38,153,227,9,59,Chee,Pei Song,LKCFES,DMBE,male,Universiti Tunku Abdul Rahman
26,88,90,5,54,Chong,Yu Zheng,LKCFES,DMBE,male,Universiti Tunku Abdul Rahman
3,26,26,3,5,Ng,Danny Wee Kiat,LKCFES,DMBE,male,Universiti Tunku Abdul Rahman
146,959,1097,18,119,Goi,Bok Min,LKCFES,DMBE,male,Universiti Tunku Abdul Rahman
17,37,37,3,30,Hum,Yan Chai,LKCFES,DMBE,male,Universiti Tunku Abdul Rahman
7,49,52,5,14,Kwan,Ban Hoe,LKCFES,DMBE,male,Universiti Tunku Abdul Rahman
14,121,124,5,36,Lee,Jer Vui,LKCFES,DMBE,male,Universiti Tunku Abdul Rahman
6,40,40,3,17,Loo,Joo Ling,LKCFES,DMBE,female,Universiti Tunku Abdul Rahman
4,17,17,2,6,Mok,Siew Ying,LKCFES,DMBE,female,Universiti Tunku Abdul Rahman
3,27,28,2,6,Ng,Oon-Ee,LKCFES,DMBE,male,Universiti Tunku Abdul Rahman
4,34,39,2,11,Tan,Lee Fan,LKCFES,DMBE,female,Universiti Tunku Abdul Rahman
4,1,1,1,8,Tan,Yin Qing,LKCFES,DMBE,female,Universiti Tunku Abdul Rahman
26,160,177,7,42,Tang,Pek Yee,LKCFES,DMBE,female,Universiti Tunku Abdul Rahman
18,147,223,7,37,Tee,Yee Kai,LKCFES,DMBE,male,Universiti Tunku Abdul Rahman
11,62,67,5,14,Chia,Fah Choy,LKCFES,DOS,male,Universiti Tunku Abdul Rahman
36,95,175,8,42,Yap,Jeffrey Boon Hui,LKCFES,DMBE,male,Universiti Tunku Abdul Rahman
5,18,18,1,14,Lee,Wah Peng,LKCFES,DMBE,male,Universiti Tunku Abdul Rahman
4,5,5,1,12,Lew,Yoke Lian,LKCFES,DMBE,female,Universiti Tunku Abdul Rahman
2,1,1,1,2,Lim,Chai Chai,LKCFES,DMBE,male,Universiti Tunku Abdul Rahman
5,0,0,0,13,Lim,Cheng Sim,LKCFES,DMBE,female,Universiti Tunku Abdul Rahman
2,8,8,1,8,Mahbob,Naziatul Syima,LKCFES,DMBE,female,Universiti Tunku Abdul Rahman
5,20,20,2,13,Ramli,Nur Aqlima,LKCFES,DMBE,female,Universiti Tunku Abdul Rahman
13,20,20,3,28,Toh,Tien Choon,LKCFES,DMBE,male,Universiti Tunku Abdul Rahman
9,55,56,3,17,Wong,Phui Fung,LKCFES,DMBE,female,Universiti Tunku Abdul Rahman
2,5,5,1,6,Sulaiman,Zamharira,LKCFES,DMBE,female,Universiti Tunku Abdul Rahman
2,1,1,1,5,Thanimalay,Nawanithan,CFSKPR,DMA,male,Universiti Tunku Abdul Rahman
2,2,2,1,4,Chan,Jer Jing,CFSKPR,DSEKPR,female,Universiti Tunku Abdul Rahman
2,14,14,2,6,Chia,Phee Phee,CFSKPR,DSEKPR,female,Universiti Tunku Abdul Rahman
2,1,1,1,3,Chong,Fook Seng,CFSKPR,DSEKPR,male,Universiti Tunku Abdul Rahman
2,4,5,2,3,Goh,Kai Way,CFSKPR,DSEKPR,male,Universiti Tunku Abdul Rahman
3,14,15,3,5,Ho,Wai Yew,CFSKPR,DSEKPR,male,Universiti Tunku Abdul Rahman
3,69,69,1,5,Tan,Lee Siew,CFSKPR,DSEKPR,female,Universiti Tunku Abdul Rahman
5,26,26,3,5,Kan,Donica Pei Xin,CFSSGL,DSESGL,female,Universiti Tunku Abdul Rahman
3,2,3,1,11,Tan,Chun Yuan,CFSSGL,DSESGL,male,Universiti Tunku Abdul Rahman
